StartDate,EndDate,Status,IPAddress,Progress,Duration (in seconds),Finished,RecordedDate,ResponseId,RecipientLastName,RecipientFirstName,RecipientEmail,ExternalReference,LocationLatitude,LocationLongitude,DistributionChannel,UserLanguage,trick,alpaca_315_no,alpaca_32_no,alpaca_325_no,alpaca_33_no,alpaca_335_no,alpaca_34_no,alpaca_345_no,alpaca_35_no,alpaca_355_no,alpaca_36_no,alpaca_365_no,alpaca_37_no,alpaca_315_go,alpaca_32_go,alpaca_325_go,alpaca_33_go,alpaca_335_go,alpaca_34_go,alpaca_345_go,alpaca_35_go,alpaca_355_go,alpaca_36_go,alpaca_365_go,alpaca_37_go,alpaca_315_me,alpaca_32_me,alpaca_325_me,alpaca_33_me,alpaca_335_me,alpaca_34_me,alpaca_345_me,alpaca_35_me,alpaca_355_me,alpaca_36_me,alpaca_365_me,alpaca_37_me,alpaca_315_ba,alpaca_32_ba,alpaca_325_ba,alpaca_33_ba,alpaca_335_ba,alpaca_34_ba,alpaca_345_ba,alpaca_35_ba,alpaca_355_ba,alpaca_36_ba,alpaca_365_ba,alpaca_37_ba,Trust_ba,Trust_me,Trust_go,Open,Ed,Gender,Gender_5_TEXT,Age,MTurk,SC0,MturkCode,Budget,Payment 
Start Date,End Date,Response Type,IP Address,Progress,Duration (in seconds),Finished,Recorded Date,Response ID,Recipient Last Name,Recipient First Name,Recipient Email,External Data Reference,Location Latitude,Location Longitude,Distribution Channel,User Language,"Complete the sentence with the appropriate word:  


During this study, you will be shown a forecast of nighttime low temperatures and you will be asked if you will issue blankets to farmers for their _______ in Peru. 

 

Please enter your response in the text box using only lower case letters.",Issue blankets to the alpacas?,Issue blankets to the alpacas?,Issue blankets to the alpacas?,Issue blankets to the alpacas?,Issue blankets to the alpacas?,Issue blankets to the alpacas?,Issue blankets to the alpacas?,Issue blankets to the alpacas?,Issue blankets to the alpacas?,Issue blankets to the alpacas?,Issue blankets to the alpacas?,Issue blankets to the alpacas?,Issue blankets to the alpacas?,Issue blankets to the alpacas?,Issue blankets to the alpacas?,Issue blankets to the alpacas?,Issue blankets to the alpacas?,Issue blankets to the alpacas?,Issue blankets to the alpacas?,Issue blankets to the alpacas?,Issue blankets to the alpacas?,Issue blankets to the alpacas?,Issue blankets to the alpacas?,Issue blankets to the alpacas?,Issue blankets to the alpacas?,Issue blankets to the alpacas?,Issue blankets to the alpacas?,Issue blankets to the alpacas?,Issue blankets to the alpacas?,Issue blankets to the alpacas?,Issue blankets to the alpacas?,Issue blankets to the alpacas?,Issue blankets to the alpacas?,Issue blankets to the alpacas?,Issue blankets to the alpacas?,Issue blankets to the alpacas?,Issue blankets to the alpacas?,Issue blankets to the alpacas?,Issue blankets to the alpacas?,Issue blankets to the alpacas?,Issue blankets to the alpacas?,Issue blankets to the alpacas?,Issue blankets to the alpacas?,Issue blankets to the alpacas?,Issue blankets to the alpacas?,Issue blankets to the alpacas?,Issue blankets to the alpacas?,Issue blankets to the alpacas?,"​



Forecaster confidence in the prediction: LOW 





How trustworthy do you think this forecast is?","​



Forecaster confidence in the prediction: MEDIUM 





How trustworthy do you think this forecast is?","​



Forecaster confidence in the prediction: HIGH 





How trustworthy do you think this forecast is?",We are very interested in how you made your decisions about when to issue blankets to the alpacas. Please list all the things you considered when making your judgments.,What is the highest level of school you have completed or the highest degree you have received?,What is your gender? - Selected Choice,What is your gender? - Prefer to self-describe - Text,What is your age?,What is your MTurk worker ID?,Score,MturkCode,,
"{""ImportId"":""startDate"",""timeZone"":""America/Denver""}","{""ImportId"":""endDate"",""timeZone"":""America/Denver""}","{""ImportId"":""status""}","{""ImportId"":""ipAddress""}","{""ImportId"":""progress""}","{""ImportId"":""duration""}","{""ImportId"":""finished""}","{""ImportId"":""recordedDate"",""timeZone"":""America/Denver""}","{""ImportId"":""_recordId""}","{""ImportId"":""recipientLastName""}","{""ImportId"":""recipientFirstName""}","{""ImportId"":""recipientEmail""}","{""ImportId"":""externalDataReference""}","{""ImportId"":""locationLatitude""}","{""ImportId"":""locationLongitude""}","{""ImportId"":""distributionChannel""}","{""ImportId"":""userLanguage""}","{""ImportId"":""QID7_TEXT""}","{""ImportId"":""QID312""}","{""ImportId"":""QID315""}","{""ImportId"":""QID318""}","{""ImportId"":""QID321""}","{""ImportId"":""QID324""}","{""ImportId"":""QID327""}","{""ImportId"":""QID330""}","{""ImportId"":""QID333""}","{""ImportId"":""QID336""}","{""ImportId"":""QID339""}","{""ImportId"":""QID342""}","{""ImportId"":""QID345""}","{""ImportId"":""QID372""}","{""ImportId"":""QID378""}","{""ImportId"":""QID381""}","{""ImportId"":""QID384""}","{""ImportId"":""QID387""}","{""ImportId"":""QID390""}","{""ImportId"":""QID393""}","{""ImportId"":""QID396""}","{""ImportId"":""QID399""}","{""ImportId"":""QID402""}","{""ImportId"":""QID405""}","{""ImportId"":""QID408""}","{""ImportId"":""QID459""}","{""ImportId"":""QID461""}","{""ImportId"":""QID463""}","{""ImportId"":""QID465""}","{""ImportId"":""QID467""}","{""ImportId"":""QID469""}","{""ImportId"":""QID471""}","{""ImportId"":""QID473""}","{""ImportId"":""QID475""}","{""ImportId"":""QID477""}","{""ImportId"":""QID479""}","{""ImportId"":""QID481""}","{""ImportId"":""QID375""}","{""ImportId"":""QID414""}","{""ImportId"":""QID417""}","{""ImportId"":""QID420""}","{""ImportId"":""QID423""}","{""ImportId"":""QID426""}","{""ImportId"":""QID429""}","{""ImportId"":""QID432""}","{""ImportId"":""QID435""}","{""ImportId"":""QID438""}","{""ImportId"":""QID441""}","{""ImportId"":""QID444""}","{""ImportId"":""QID450""}","{""ImportId"":""QID482""}","{""ImportId"":""QID455""}","{""ImportId"":""QID213_TEXT""}","{""ImportId"":""QID249""}","{""ImportId"":""QID253""}","{""ImportId"":""QID253_5_TEXT""}","{""ImportId"":""QID275_TEXT""}","{""ImportId"":""QID456_TEXT""}","{""ImportId"":""SC_ebw56nspqcpbDLf""}","{""ImportId"":""MturkCode""}",,
2/25/19 13:16,2/25/19 13:22,IP Address,108.210.12.140,100,344,TRUE,2/25/19 13:22,R_2CNTsRxaqW9zDwH,,,,,38.61419678,-90.29100037,anonymous,EN,alpacas,Yes,Yes,Yes,Yes,Yes,Yes,No,No,No,No,No,No,Yes,Yes,Yes,Yes,Yes,Yes,No,No,No,No,No,No,Yes,Yes,Yes,Yes,Yes,Yes,No,No,No,No,No,No,Yes,Yes,Yes,Yes,Yes,Yes,Yes,No,No,No,No,No,2,4,6,"I mainly looked at the distribution on the graph, but when the forecast accuracy was added I took that into decisions as a tiebreaker if needed, but without knowing which direction the forecast was off, I couldn't really be much more accurate.",Bachelor's degree in college (4-year),Female,,46,A3GZYWA9S6J0K9,-25000,419209391,23000,3.45
2/25/19 11:35,2/25/19 11:53,IP Address,75.64.41.20,100,1095,TRUE,2/25/19 11:53,R_3n0FSLnivhT4AlB,,,,,35.16400146,-89.7826004,anonymous,EN,alpacas,Yes,Yes,Yes,Yes,Yes,Yes,Yes,No,No,No,No,No,Yes,Yes,Yes,Yes,Yes,Yes,Yes,No,No,No,No,No,Yes,Yes,Yes,Yes,Yes,Yes,No,No,No,No,No,No,Yes,Yes,Yes,Yes,Yes,Yes,No,No,No,No,No,No,5,4,3,Just based it on the odds,Bachelor's degree in college (4-year),Male,,31,A2P065E9CYMYJL,-26000,631209982,22000,3.3
2/25/19 12:33,2/25/19 12:42,IP Address,73.66.240.119,100,547,TRUE,2/25/19 12:42,R_1mKOMKBklKSfnQJ,,,,,39.48770142,-121.4698029,anonymous,EN,alpacas,Yes,Yes,Yes,Yes,Yes,Yes,No,No,No,No,No,No,Yes,Yes,Yes,Yes,Yes,Yes,No,No,No,No,No,No,Yes,Yes,Yes,Yes,Yes,Yes,Yes,No,No,No,No,No,Yes,Yes,Yes,Yes,Yes,Yes,No,Yes,Yes,No,No,No,1 (not at all trustworthy),4,7 (completely trustworthy),"When their was two or fewer dots with a higher confidence, I decided not to send blankets. If it was more than two dots I always sent blankets and if there were some question between two or three dots and low confidence, I'd send blankets just to be safe.",Bachelor's degree in college (4-year),Female,,45,A3RQN5RZD1N2KP,-27000,981209386,21000,3.15
2/25/19 12:30,2/25/19 12:34,IP Address,73.248.218.167,100,270,TRUE,2/25/19 12:34,R_pbLMXUNLvmFTYgV,,,,,40.08740234,-74.11519623,anonymous,EN,alpacas,Yes,Yes,Yes,Yes,Yes,Yes,Yes,No,No,No,No,No,Yes,Yes,Yes,Yes,Yes,Yes,Yes,No,No,No,No,No,Yes,Yes,Yes,Yes,Yes,Yes,Yes,No,No,No,No,No,Yes,Yes,Yes,Yes,Yes,Yes,Yes,No,No,No,No,No,2,4,6,I considered where the dots were relative the where 32 degrees was and if it was slim to none below that I would choose to go without blankets,Associate degree in college (2-year),Female,,39,ABMX8XUNPR3LP,-28000,342209850,20000,3
2/25/19 12:34,2/25/19 12:45,IP Address,24.127.94.39,100,676,TRUE,2/25/19 12:45,R_279kBZfnzl6NyE3,,,,,42.64289856,-83.354599,anonymous,EN,alpacas,Yes,Yes,Yes,Yes,Yes,Yes,No,No,No,No,No,No,Yes,Yes,Yes,Yes,Yes,Yes,No,Yes,No,No,No,No,Yes,Yes,Yes,Yes,Yes,Yes,No,No,No,No,No,No,Yes,Yes,Yes,Yes,Yes,Yes,No,Yes,No,Yes,No,Yes,2,5,6,Where the graph was in relation to the freezing mark.  More likely not to issue blankets when temperatures where to the centered or left of 32 degrees.,Bachelor's degree in college (4-year),Male,,51,AZNIEFUIVB2H0,-28000,471209555,20000,3
2/25/19 13:46,2/25/19 13:54,IP Address,139.55.214.15,100,435,TRUE,2/25/19 13:54,R_3sgipjutMvq49ff,,,,,35.32470703,-80.65940094,anonymous,EN,alpacas,Yes,Yes,Yes,Yes,Yes,Yes,No,No,No,No,No,No,Yes,Yes,Yes,Yes,Yes,No,No,No,No,No,No,No,Yes,Yes,Yes,Yes,Yes,Yes,No,No,No,No,No,No,Yes,Yes,Yes,Yes,Yes,Yes,No,No,No,No,No,No,4,5,6,I don't want alpacas to die so I issued it when I thought it was a 5/20 chance or greater. I didn't consider the accuracy too much because I can only issue orders based on the information I have.,Bachelor's degree in college (4-year),Prefer not to say,,27,A20X14OMRL0YPZ,-29000,531209399,19000,2.85
2/25/19 12:53,2/25/19 12:58,IP Address,170.76.184.94,100,324,TRUE,2/25/19 12:58,R_2bTXNBUbJ6PT4jS,,,,,30.55580139,-100.6306992,anonymous,EN,alpacas,Yes,Yes,Yes,Yes,Yes,Yes,No,No,No,No,No,No,Yes,Yes,Yes,Yes,Yes,No,No,No,No,No,No,No,Yes,Yes,Yes,Yes,Yes,Yes,Yes,No,No,No,No,No,Yes,Yes,Yes,Yes,Yes,Yes,No,No,No,No,No,No,2,4,6,"I tried to save as much as I could whenever the temp had a very low chance of being freezing. Otherwise if not sure, I gave them out.",High school graduate (high school diploma or equivalent including GED),Male,,30,AIPHJXQEDNW9L,-30000,499209741,18000,2.7
2/25/19 13:07,2/25/19 13:16,IP Address,73.153.191.15,100,550,TRUE,2/25/19 13:16,R_5dNgdhb5Ft1YjQJ,,,,,39.66670227,-105.0854034,anonymous,EN,alpacas,Yes,Yes,Yes,Yes,Yes,Yes,No,No,No,No,No,No,Yes,Yes,Yes,Yes,Yes,Yes,No,No,No,No,No,No,Yes,Yes,Yes,Yes,No,Yes,No,No,No,No,No,No,Yes,Yes,Yes,Yes,Yes,Yes,No,No,Yes,No,No,No,1 (not at all trustworthy),4,6,"I looked at where the median temperature was and how reliable the forecast was, if one or more of the dots was over 32 or lower and thought about if I wanted to take a chance or not.",Bachelor's degree in college (4-year),Female,,57,AURYD2FH3FUOQ,-30000,952209469,18000,2.7
2/25/19 12:45,2/25/19 12:52,IP Address,122.164.17.116,100,428,TRUE,2/25/19 12:52,R_2D6N1UwSgrQVTHY,,,,,13.08430481,80.28048706,anonymous,EN,alpacas,Yes,Yes,Yes,Yes,Yes,Yes,Yes,No,No,No,No,No,Yes,Yes,Yes,Yes,Yes,Yes,Yes,Yes,No,No,No,No,Yes,Yes,Yes,Yes,Yes,Yes,Yes,No,Yes,No,No,No,Yes,Yes,Yes,Yes,Yes,Yes,Yes,Yes,No,No,No,No,6,7 (completely trustworthy),7 (completely trustworthy),I followed the forecast predictions,Bachelor's degree in college (4-year),Male,,42,A11GWWAXRJQ6Y2,-31000,654209649,17000,2.55
2/25/19 12:59,2/25/19 13:02,IP Address,70.177.181.202,100,199,TRUE,2/25/19 13:02,R_pKwAPXUoyc41wQh,,,,,33.71470642,-112.240097,anonymous,EN,alpacas,Yes,Yes,Yes,Yes,Yes,Yes,Yes,Yes,No,No,No,No,Yes,Yes,Yes,Yes,Yes,Yes,Yes,Yes,No,No,No,No,Yes,Yes,Yes,Yes,Yes,Yes,Yes,Yes,No,No,No,No,Yes,Yes,Yes,Yes,Yes,Yes,Yes,No,No,No,No,No,4,6,6,i just went off on what was in the lower temps the most. didn't really go off the other,Associate degree in college (2-year),Female,,34,A3UUH3632AI3ZX,-31000,656209985,17000,2.55
2/25/19 12:30,2/25/19 12:39,IP Address,45.251.33.252,100,537,TRUE,2/25/19 12:39,R_8vanGDZ6JOge4Eh,,,,,13.08430481,80.28048706,anonymous,EN,alpacas,Yes,Yes,Yes,Yes,Yes,Yes,No,No,No,No,No,No,Yes,Yes,Yes,Yes,Yes,Yes,Yes,Yes,No,No,No,No,Yes,Yes,Yes,Yes,Yes,Yes,Yes,No,No,No,No,No,Yes,Yes,Yes,Yes,Yes,No,No,No,No,No,No,No,3,4,6,I carefully analysed the prediction map and also the confidence level of the scientists,Bachelor's degree in college (4-year),Male,,36,A20VJWCDIBKTZI,-32000,502209916,16000,2.4
2/25/19 12:43,2/25/19 12:47,IP Address,174.85.255.66,100,251,TRUE,2/25/19 12:47,R_3ix9rC7nlRXcV7o,,,,,34.80360413,-86.97070313,anonymous,EN,alpacas,Yes,Yes,Yes,Yes,Yes,Yes,Yes,No,No,No,No,No,Yes,Yes,Yes,Yes,Yes,Yes,No,No,No,No,No,No,Yes,Yes,Yes,Yes,No,Yes,No,Yes,No,No,No,No,Yes,Yes,Yes,Yes,Yes,Yes,No,No,Yes,No,No,No,3,5,6,If it was going to be closer to being freezing I issues a blanket. I also used to low and high ratings as part of my choice on if I trusted how close to freezing it would get ,Some college but no degree,Female,,24,A2UIGDOLX5RV95,-32000,898209872,16000,2.4
2/25/19 13:40,2/25/19 13:51,IP Address,199.96.205.224,100,700,TRUE,2/25/19 13:51,R_vYVVFpZfaHzNZ4J,,,,,34.62460327,-98.38950348,anonymous,EN,alpakas,Yes,Yes,Yes,Yes,Yes,Yes,Yes,No,No,No,No,No,Yes,Yes,Yes,Yes,Yes,Yes,Yes,Yes,No,Yes,No,No,Yes,Yes,Yes,Yes,Yes,Yes,Yes,Yes,No,No,No,No,Yes,Yes,Yes,Yes,Yes,Yes,Yes,No,No,Yes,No,No,3,6,5,I based it on the graph.,Some college but no degree,Male,,58,AYSG3J2U3UF1Y,-32000,142209597,16000,2.4
2/25/19 12:47,2/25/19 12:54,IP Address,98.219.125.65,100,404,TRUE,2/25/19 12:54,R_2tyC1I0i9MkPN7j,,,,,27.2427063,-82.47509766,anonymous,EN,alpacas,Yes,Yes,Yes,Yes,Yes,Yes,No,No,No,No,No,No,Yes,Yes,Yes,Yes,Yes,No,No,No,No,No,No,No,Yes,Yes,Yes,Yes,Yes,Yes,No,No,No,No,No,No,Yes,Yes,Yes,Yes,Yes,Yes,Yes,No,Yes,Yes,No,Yes,2,5,7 (completely trustworthy),I tried to consider where the circles were on specific temperatures and the degree of confidence in the forecast.,Bachelor's degree in college (4-year),Male,,30,A3EBUBRYCKB6AF,-33000,907209443,15000,2.25
2/25/19 12:43,2/25/19 12:57,IP Address,66.27.186.62,100,817,TRUE,2/25/19 12:57,R_1r03ZcFwKoHcZPF,,,,,34.15589905,-116.4313049,anonymous,EN,alpacas,Yes,Yes,Yes,Yes,Yes,No,No,No,No,No,No,No,Yes,Yes,Yes,Yes,Yes,Yes,No,No,Yes,No,No,No,Yes,Yes,Yes,Yes,Yes,Yes,Yes,Yes,No,No,No,No,Yes,Yes,Yes,Yes,Yes,Yes,Yes,No,No,No,No,No,2,4,6,I thought of it like I would my plants in a freeze. I felt like I was low risk.,High school graduate (high school diploma or equivalent including GED),Male,,49,AA9V4NE8SOA4I,-33000,566209944,15000,2.25
2/25/19 12:44,2/25/19 12:57,IP Address,137.110.137.34,100,822,TRUE,2/25/19 12:57,R_10YsRBt48sQgbb0,,,,,32.84869385,-117.2767029,anonymous,EN,alpacas,Yes,Yes,Yes,Yes,Yes,Yes,Yes,Yes,No,No,No,No,Yes,Yes,Yes,Yes,Yes,Yes,Yes,No,No,No,No,No,Yes,Yes,Yes,Yes,Yes,Yes,Yes,Yes,No,No,No,No,Yes,Yes,Yes,Yes,Yes,Yes,No,No,Yes,Yes,Yes,Yes,1 (not at all trustworthy),5,7 (completely trustworthy),"Since the consequence for not issuing a blanket was quite high, I was exceedingly cautious.  Specifically, if I made 1 mistake, that would be the same as needlessly giving out blankets on 6 nights.  Therefore, anytime the forecast confidence was either high or medium and more than 1 dot (5%) was below 32F then I opted to issue blankets.  In the event that the forecast confidence was low, then I assumed the graph was completely unreliable, so I opted to issue blankets.",Master's degree,Male,,40,A3LRZX8477TYYZ,-33000,749209490,15000,2.25
2/25/19 12:59,2/25/19 13:05,IP Address,47.149.16.104,100,344,TRUE,2/25/19 13:05,R_2ZJNspppQqSS9L3,,,,,34.04299927,-117.7556,anonymous,EN,alpacas,Yes,Yes,Yes,Yes,Yes,Yes,Yes,No,No,No,No,No,Yes,Yes,Yes,Yes,Yes,Yes,Yes,No,No,No,No,No,Yes,Yes,Yes,Yes,Yes,Yes,Yes,Yes,Yes,No,No,No,Yes,Yes,Yes,Yes,Yes,Yes,Yes,Yes,Yes,Yes,No,No,2,3,6,"i took the approach of better safe than sorry. if the temperature was low i would use the blankets, if it was high but low confident i would lean more towards using the blankets",Some college but no degree,Male,,35,A1EITLFAMKA61U,-33000,285209363,15000,2.25
2/25/19 13:04,2/25/19 13:14,IP Address,66.99.3.239,100,608,TRUE,2/25/19 13:14,R_Xn85IU22LIi8IPT,,,,,41.92089844,-87.70429993,anonymous,EN,alpacas,Yes,Yes,Yes,Yes,Yes,Yes,No,No,No,No,No,No,Yes,Yes,Yes,Yes,Yes,Yes,No,No,No,No,No,No,Yes,Yes,Yes,Yes,Yes,No,Yes,No,No,No,No,No,Yes,Yes,Yes,Yes,Yes,Yes,Yes,Yes,Yes,No,No,No,2,4,7 (completely trustworthy),While I didn't disregard the trust ability I certainly put more weight on the distribution even when it was low confidence.  Otherwise I might as well just guess.,Some college but no degree,Male,,48,A3862RIFFUV141,-33000,988209142,15000,2.25
2/25/19 13:44,2/25/19 13:51,IP Address,75.172.25.22,100,407,TRUE,2/25/19 13:51,R_3I63R4EuO1PuLXd,,,,,47.20730591,-122.444397,anonymous,EN,alpacas,Yes,Yes,Yes,Yes,Yes,Yes,No,No,No,No,No,No,Yes,Yes,Yes,Yes,Yes,Yes,No,No,No,No,No,No,Yes,Yes,Yes,Yes,Yes,No,No,No,No,No,No,No,Yes,Yes,Yes,Yes,Yes,Yes,Yes,Yes,No,No,Yes,Yes,2,4,6,"If there was a 3/20 or higher chance of temperatures falling below freezing, and the likelihood was at least medium, I gave them blankets. If the likelihood was low, it depended on how close the bulk of the chances were to freezing or falling below freezing",Some college but no degree,Female,,39,A3HSMUPSPOKD0M,-33000,795209930,15000,2.25
2/25/19 12:34,2/25/19 12:39,IP Address,73.48.80.170,100,304,TRUE,2/25/19 12:39,R_8wsAqwxD31n4Wcx,,,,,30.49079895,-84.31580353,anonymous,EN,alpacas,Yes,Yes,Yes,Yes,Yes,Yes,No,No,No,No,No,No,Yes,Yes,Yes,Yes,Yes,Yes,Yes,No,No,No,No,No,Yes,Yes,Yes,Yes,Yes,Yes,Yes,Yes,Yes,Yes,No,No,Yes,Yes,Yes,Yes,Yes,Yes,Yes,Yes,Yes,Yes,Yes,No,1 (not at all trustworthy),4,7 (completely trustworthy),"I considered my budget, my bonus, the forecasts, and the temperatures.",Bachelor's degree in college (4-year),Male,,36,A1P6OXEJ86HQRM,-34000,382209764,14000,2.1
2/25/19 12:34,2/25/19 12:42,IP Address,69.76.58.243,100,469,TRUE,2/25/19 12:42,R_2f1YjFUmSjph3D4,,,,,44.55220032,-88.07879639,anonymous,EN,alpacas,Yes,Yes,Yes,Yes,Yes,No,No,No,No,No,No,No,Yes,Yes,Yes,Yes,Yes,Yes,No,No,No,No,No,No,Yes,Yes,Yes,Yes,Yes,Yes,No,No,No,No,No,No,Yes,Yes,Yes,Yes,Yes,No,No,No,No,No,No,No,4,5,6,I went off my own judgment mostly.  A forecaster isn't going to know much more than me about how weather is going to turn out.,Bachelor's degree in college (4-year),Female,,34,AQV468FB908WI,-34000,159209621,14000,2.1
2/25/19 12:41,2/25/19 12:45,IP Address,50.44.120.198,100,251,TRUE,2/25/19 12:45,R_2v7F7SpAaPpaQmC,,,,,39.73390198,-90.22899628,anonymous,EN,alpacas,Yes,Yes,Yes,Yes,Yes,Yes,Yes,No,No,No,No,No,Yes,Yes,Yes,Yes,Yes,Yes,Yes,No,No,No,No,No,Yes,Yes,Yes,Yes,Yes,Yes,Yes,Yes,Yes,Yes,No,No,Yes,Yes,Yes,Yes,Yes,Yes,Yes,Yes,Yes,Yes,No,No,5,6,7 (completely trustworthy),"If there was one or two bubbles underneath the 32, I would issue blankets if the forecast was low or medium. Anytime there were more than a few bubbles under 32 I issued blankets. It's cheaper to issue and not need them than it is to not issue and get caught 6000.",Bachelor's degree in college (4-year),Female,,31,A9HQ3E0F2AGVO,-34000,914209465,14000,2.1
2/25/19 12:56,2/25/19 13:03,IP Address,98.235.69.98,100,411,TRUE,2/25/19 13:03,R_uq3Dw6njAK9EQz7,,,,,41.27420044,-75.89029694,anonymous,EN,alpaca,Yes,Yes,No,Yes,No,Yes,No,No,No,No,No,No,Yes,Yes,Yes,Yes,Yes,Yes,No,No,No,No,No,No,Yes,Yes,Yes,Yes,Yes,Yes,No,No,No,No,No,No,Yes,Yes,Yes,Yes,Yes,Yes,No,No,No,No,No,No,1 (not at all trustworthy),4,7 (completely trustworthy),"If the temperature was slated to drop very low, I made sure to get them blankets. If it was borderline, it depended on how much chance it would be to get under 32.",Bachelor's degree in college (4-year),Male,,38,A1945USNZHTROX,-34000,288209510,14000,2.1
2/25/19 13:01,2/25/19 13:25,IP Address,100.12.178.53,100,1444,TRUE,2/25/19 13:25,R_3J2XEauVwSHNK1U,,,,,40.76109314,-73.89160156,anonymous,EN,alpacas,Yes,Yes,Yes,Yes,Yes,Yes,Yes,No,Yes,No,No,No,Yes,Yes,Yes,Yes,Yes,Yes,Yes,Yes,No,No,No,No,Yes,Yes,Yes,Yes,Yes,Yes,Yes,Yes,Yes,No,No,No,Yes,Yes,Yes,Yes,Yes,Yes,Yes,Yes,Yes,No,No,No,2,5,7 (completely trustworthy),My primary consideration was whether there was any chance whatsoever even if it's very slim i.e. 1/20 then I would rather spend the money on the blankets to avoid losing 6x more if I don't take the precaution.,"Professional degree (JD, MD)",Female,,25,AKSJ3C5O3V9RB,-34000,950209585,14000,2.1
2/25/19 13:34,2/25/19 13:41,IP Address,74.134.75.252,100,400,TRUE,2/25/19 13:41,R_1Cp525di90gJLYz,,,,,38.00100708,-84.52819824,anonymous,EN,alpacas,Yes,Yes,Yes,Yes,Yes,Yes,Yes,No,No,No,No,No,Yes,Yes,Yes,Yes,Yes,Yes,Yes,Yes,No,No,No,Yes,Yes,Yes,Yes,Yes,Yes,Yes,Yes,Yes,Yes,No,No,No,Yes,Yes,Yes,Yes,Yes,Yes,Yes,Yes,Yes,No,No,No,3,4,6,I considered the number of dots on each graph. I didn't want to take the chance of the temperature dropping too much. ,Some college but no degree,Female,,37,A3U21PUMQ6NGT2,-34000,616209703,14000,2.1
2/25/19 13:40,2/25/19 13:49,IP Address,98.151.192.68,100,546,TRUE,2/25/19 13:49,R_V53jJdWwnblQ70R,,,,,20.00810242,-155.7052002,anonymous,EN,alpacas,Yes,Yes,Yes,Yes,Yes,Yes,Yes,No,No,No,No,No,Yes,Yes,Yes,Yes,Yes,No,No,No,No,No,No,No,Yes,Yes,Yes,Yes,Yes,Yes,Yes,No,No,No,No,No,Yes,Yes,Yes,Yes,Yes,Yes,Yes,Yes,Yes,No,No,No,2,3,6,After considering just how costl a frozn alpaca is i try to err on the side of cation in issuing blankets if there was a 10 percent or more chance of freezing. any low weight forecast i really tended to issue blankets,Bachelor's degree in college (4-year),Male,,44,A5TI9UQEPLNWI,-34000,973209651,14000,2.1
2/25/19 12:33,2/25/19 12:44,IP Address,47.210.3.243,100,651,TRUE,2/25/19 12:44,R_2dWOckxGE3Y4Ezv,,,,,32.543396,-93.70110321,anonymous,EN,alpacas,Yes,Yes,Yes,Yes,Yes,No,No,No,No,No,No,No,Yes,Yes,Yes,Yes,Yes,Yes,No,No,No,No,No,No,Yes,Yes,Yes,Yes,Yes,Yes,Yes,No,No,No,No,No,Yes,Yes,Yes,Yes,Yes,Yes,Yes,Yes,Yes,Yes,Yes,Yes,1 (not at all trustworthy),4,6,I considered the forecasts and confidence levels as well as the risk I was willing to take based on the percentages.,Some college but no degree,Male,,56,A30RAYNDOWQ61S,-36000,235209478,12000,1.8
2/25/19 13:07,2/25/19 13:12,IP Address,24.13.174.184,100,287,TRUE,2/25/19 13:12,R_2XhY2MPPXKEtIte,,,,,41.89199829,-87.64160156,anonymous,EN,alpacas,Yes,Yes,Yes,Yes,Yes,No,No,No,No,No,No,No,Yes,Yes,Yes,Yes,Yes,Yes,No,No,No,No,No,No,Yes,Yes,Yes,Yes,Yes,Yes,No,Yes,No,No,No,No,Yes,Yes,Yes,Yes,Yes,Yes,Yes,Yes,Yes,Yes,Yes,Yes,2,4,6,I looked at how it would be for the temperature to be 32 or under and how reliable I thought the forecast was,Bachelor's degree in college (4-year),Female,,25,APGX2WZ59OWDN,-36000,676209364,12000,1.8
2/25/19 12:31,2/25/19 12:44,IP Address,103.59.202.106,100,799,TRUE,2/25/19 12:44,R_1HiTFiV7qMBknaG,,,,,18.97210693,72.82460022,anonymous,EN,alpacas,Yes,Yes,Yes,Yes,Yes,No,No,No,No,No,No,No,Yes,Yes,Yes,Yes,Yes,Yes,No,Yes,No,Yes,No,Yes,Yes,Yes,Yes,Yes,Yes,Yes,No,No,No,No,No,No,Yes,Yes,Yes,No,Yes,Yes,No,No,No,No,No,No,4,2,2,Seeing the dots in graphs and guess it,Bachelor's degree in college (4-year),Male,,27,A2QD9PJUKW7PKK,-37000,833209437,11000,1.65
2/25/19 13:01,2/25/19 13:06,IP Address,73.240.219.180,100,356,TRUE,2/25/19 13:06,R_2qlMF4K2HW6LMVE,,,,,45.60319519,-122.5133057,anonymous,EN,alpacas,Yes,Yes,Yes,Yes,Yes,Yes,Yes,Yes,No,No,No,No,Yes,Yes,Yes,Yes,Yes,Yes,Yes,No,No,No,No,No,Yes,Yes,Yes,Yes,Yes,Yes,No,No,No,No,No,No,Yes,Yes,Yes,Yes,No,No,No,No,No,No,No,No,2,4,6,I just chose depending on the predicted temperature being under 32 degrees and I weighed in some of the low to high confidence level as well.,Bachelor's degree in college (4-year),Female,,38,A1KX0MPSHBMRB9,-37000,551209488,11000,1.65
2/25/19 12:53,2/25/19 12:59,IP Address,71.209.133.237,100,347,TRUE,2/25/19 12:59,R_2taRDDpGAFP8LYY,,,,,33.63380432,-112.2065964,anonymous,EN,alpacas,Yes,Yes,Yes,Yes,No,No,No,No,No,No,No,No,Yes,Yes,Yes,Yes,Yes,Yes,No,No,No,No,No,No,Yes,Yes,Yes,Yes,Yes,No,No,No,No,No,No,No,Yes,Yes,Yes,Yes,Yes,Yes,No,No,No,No,No,No,4,4,5,probability,Bachelor's degree in college (4-year),Male,,35,A207IHY6GERCFO,-39000,854209352,9000,1.35
2/25/19 12:46,2/25/19 12:57,IP Address,67.1.150.234,100,643,TRUE,2/25/19 12:57,R_tGIrY7QNaXDbzgZ,,,,,32.2460022,-110.9177017,anonymous,EN,alpacas,Yes,Yes,Yes,Yes,Yes,No,No,No,No,No,No,No,Yes,Yes,Yes,Yes,Yes,No,Yes,No,No,No,No,No,Yes,Yes,Yes,Yes,Yes,Yes,No,No,No,No,No,No,Yes,Yes,Yes,Yes,Yes,No,No,No,No,No,No,No,2,4,6,"I tried to calculate the percentage chance of the temperature dropping below freezing, and multiplied that by $6000, and compared that to the $1000 it costs to issue blankets, and pick the lowest of the two numbers. I didn't really consider confidence at all, because I had nothing else to go on but the prediction, regardless of the confidence level.",Bachelor's degree in college (4-year),Male,,48,A2WGW5Y3ZFBDEC,-40000,470209336,8000,1.2
2/25/19 12:50,2/25/19 12:59,IP Address,209.194.199.4,100,573,TRUE,2/25/19 12:59,R_1H7tskN1u24M6UM,,,,,43.32899475,-73.68180084,anonymous,EN,alpacas,Yes,Yes,Yes,Yes,No,Yes,No,No,No,No,No,No,Yes,Yes,Yes,Yes,Yes,Yes,No,No,No,No,No,No,Yes,Yes,Yes,Yes,Yes,No,No,No,No,No,No,No,Yes,Yes,Yes,Yes,Yes,No,No,Yes,No,No,No,No,2,5,6,I went based on my gut and the chance of it dropping below 32 and the accuracy.,Associate degree in college (2-year),Female,,37,A2CQP9DZSDUC5V,-40000,457209306,8000,1.2
2/25/19 13:52,2/25/19 13:55,IP Address,98.163.31.97,100,196,TRUE,2/25/19 13:55,R_1itiGDcOHw9CW11,,,,,37.30290222,-79.93219757,anonymous,EN,alpacas,Yes,Yes,Yes,Yes,Yes,Yes,Yes,Yes,Yes,No,No,No,Yes,Yes,Yes,Yes,Yes,Yes,Yes,No,No,No,No,No,Yes,Yes,Yes,Yes,Yes,Yes,Yes,Yes,Yes,Yes,Yes,Yes,Yes,Yes,Yes,Yes,Yes,Yes,Yes,Yes,Yes,Yes,Yes,Yes,2,4,5,I considered how likely I thought it was whether the temperature would drop below 32 or not. The confidence ratings help me assess how accurate the forecast would be when doing so.,Some college but no degree,Male,,28,A2BW6WD7LZ9EGV,-40000,762209210,8000,1.2
2/25/19 12:47,2/25/19 12:53,IP Address,174.58.25.22,100,407,TRUE,2/25/19 12:53,R_1o7u03c3FCzZIIa,,,,,27.3269043,-82.54329681,anonymous,EN,alpacas,Yes,Yes,Yes,Yes,Yes,Yes,No,No,No,No,No,No,Yes,Yes,Yes,Yes,No,No,No,No,No,No,No,No,Yes,Yes,Yes,Yes,Yes,Yes,Yes,No,No,No,No,No,Yes,Yes,Yes,Yes,Yes,No,Yes,No,No,No,No,No,6,7 (completely trustworthy),6,The predicted temperature and how many dots there were. How high or low the confidence rating was.,Some college but no degree,Female,,64,A16HSMUJ7C7QA7,-41000,358209410,7000,1.05
2/25/19 12:42,2/25/19 12:55,IP Address,216.110.214.42,100,783,TRUE,2/25/19 12:55,R_1o5b0dnPeOCn49K,,,,,44.83770752,-123.2512054,anonymous,EN,alpacas,Yes,Yes,Yes,No,Yes,Yes,No,No,No,No,No,No,Yes,Yes,Yes,Yes,Yes,No,No,No,No,No,No,No,Yes,Yes,Yes,Yes,Yes,No,No,No,No,No,No,No,Yes,Yes,Yes,Yes,Yes,Yes,Yes,Yes,Yes,No,No,No,1 (not at all trustworthy),5,7 (completely trustworthy),I decided to issue blankets if there was a decent chance (>1/20) that it would be freezing. I also considered the confidence levels. I didn't trust the low confidence forecasts as much so I was more likely to play it safe and issue blankets regardless of the forecast when the confidence was low. I weighed the forecast and the risks of each situation.,Bachelor's degree in college (4-year),Male,,32,A320QA9HJFUOZO,-42000,692209751,6000,0.9
2/25/19 12:48,2/25/19 12:55,IP Address,175.157.43.194,100,401,TRUE,2/25/19 12:55,R_WibhQQn6cAlZ6Xn,,,,,6.917694092,79.87420654,anonymous,EN,alpacas,Yes,Yes,Yes,Yes,Yes,Yes,Yes,Yes,No,No,No,No,Yes,Yes,Yes,Yes,Yes,Yes,Yes,Yes,Yes,No,No,No,Yes,Yes,Yes,Yes,Yes,Yes,Yes,Yes,Yes,No,Yes,No,Yes,Yes,Yes,Yes,Yes,No,Yes,No,Yes,No,Yes,Yes,4,6,7 (completely trustworthy),I didn't want to risk out if there is a small chance. But once in a while I went on my intuition if the chances are low.,Associate degree in college (2-year),Male,,31,A18MC27WTCEBA2,-42000,113209199,6000,0.9
2/25/19 13:11,2/25/19 13:20,IP Address,68.42.119.188,100,549,TRUE,2/25/19 13:20,R_7NUHIQN11zlxQAN,,,,,42.24389648,-83.58300018,anonymous,EN,alpacas,Yes,Yes,Yes,Yes,No,Yes,No,No,No,No,No,No,Yes,Yes,Yes,Yes,Yes,No,No,No,No,No,No,No,Yes,Yes,Yes,Yes,Yes,Yes,Yes,No,Yes,No,No,No,Yes,Yes,Yes,Yes,Yes,Yes,Yes,Yes,Yes,Yes,Yes,Yes,1 (not at all trustworthy),4,7 (completely trustworthy),I decided if it was low to just issue the blankets because it was difficult to be sure,Associate degree in college (2-year),Female,,29,A3CQDCNYJAX2X3,-42000,459209947,6000,0.9
2/25/19 12:59,2/25/19 13:11,IP Address,65.34.69.37,100,777,TRUE,2/25/19 13:11,R_23Ud280251EKgbt,,,,,28.01400757,-81.95230103,anonymous,EN,alpacas,Yes,Yes,Yes,Yes,Yes,No,No,No,No,No,No,No,Yes,Yes,Yes,Yes,Yes,No,No,No,No,No,No,No,Yes,Yes,Yes,Yes,Yes,No,No,No,No,No,No,No,Yes,Yes,Yes,Yes,Yes,Yes,Yes,Yes,Yes,No,No,Yes,2,4,6,"if there was less than about 20% chance, I chose no blankets. Otherwise I didn't risk it. When probable accuracy was med or low, I gave myself a little more leeway toward possible error.",Bachelor's degree in college (4-year),Male,,57,ARLSOH5YMGJGN,-43000,645209815,5000,0.75
2/25/19 12:36,2/25/19 12:40,IP Address,137.119.214.189,100,243,TRUE,2/25/19 12:40,R_12gMPkBosEUSD2B,,,,,35.76679993,-85.67880249,anonymous,EN,alpacas,Yes,Yes,Yes,Yes,Yes,No,No,No,No,No,No,No,Yes,Yes,Yes,Yes,Yes,No,No,No,No,No,No,No,Yes,Yes,Yes,Yes,Yes,No,No,No,No,No,No,No,Yes,Yes,Yes,Yes,Yes,No,No,No,No,No,No,No,4,4,4,I chose depending on the temp,High school graduate (high school diploma or equivalent including GED),Female,,36,A2YYQJ3JWA2KGD,-44000,230209454,4000,0.6
2/25/19 12:54,2/25/19 13:05,IP Address,76.185.183.214,100,619,TRUE,2/25/19 13:05,R_1JUCXc6YaypHB5C,,,,,29.42750549,-98.46009827,anonymous,EN,alpacas,Yes,Yes,Yes,Yes,Yes,Yes,No,Yes,No,No,No,No,Yes,Yes,Yes,Yes,Yes,No,No,No,No,No,No,No,Yes,Yes,No,Yes,No,Yes,No,No,No,No,No,No,Yes,Yes,Yes,Yes,Yes,No,No,No,No,No,No,No,3,4,6,I just considered the average temp and then determined if a blankest should be used or not.,Some college but no degree,Male,,37,A3RYI5HXC2MJLN,-45000,453209244,3000,0.45
2/25/19 13:04,2/25/19 13:11,IP Address,85.97.186.121,100,450,TRUE,2/25/19 13:11,R_1DVhiVZfJ9fUrCO,,,,,40.98869324,29.02360535,anonymous,EN,alpacas,Yes,Yes,Yes,Yes,No,No,No,No,No,No,No,No,Yes,Yes,Yes,Yes,No,No,No,No,No,No,No,No,Yes,Yes,Yes,Yes,Yes,Yes,No,No,No,No,No,No,Yes,Yes,Yes,Yes,Yes,Yes,No,Yes,No,No,No,No,1 (not at all trustworthy),4,7 (completely trustworthy),I am a risk averse person so when the chance are even higher than %35 I gave the coats. I also consider the accuracy of the forefast,Master's degree,Male,,34,ACGZDI611LU0I,-45000,570209472,3000,0.45
2/25/19 13:13,2/25/19 13:20,IP Address,68.188.167.211,100,435,TRUE,2/25/19 13:20,R_3fAJC54WJfHwp7G,,,,,43.0348053,-83.52680206,anonymous,EN,alpacas,Yes,No,Yes,Yes,No,No,No,No,No,No,No,No,Yes,Yes,Yes,Yes,Yes,Yes,No,No,No,No,No,No,Yes,Yes,Yes,Yes,Yes,Yes,No,Yes,No,No,No,No,Yes,Yes,Yes,Yes,Yes,Yes,Yes,Yes,Yes,No,Yes,Yes,1 (not at all trustworthy),3,5,"I didn't want to take very many chances with the alpacas. I depended on the forecaster a lot, too.",Bachelor's degree in college (4-year),Male,,35,A1QA5EWFMNKGTA,-45000,551209772,3000,0.45
2/25/19 13:15,2/25/19 13:23,IP Address,35.134.119.170,100,474,TRUE,2/25/19 13:23,R_3k7gKNqdx8EkqOa,,,,,33.14520264,-97.06990051,anonymous,EN,alpacas,Yes,Yes,Yes,Yes,No,No,No,No,No,No,No,No,Yes,Yes,Yes,Yes,Yes,No,No,No,No,No,No,No,Yes,Yes,Yes,Yes,Yes,Yes,No,No,No,No,No,No,Yes,Yes,Yes,Yes,Yes,No,No,Yes,No,No,No,No,4,5,6,I considered how high a chance there was for freezing temperatures. I also was more cautious when the scientists had low confidence. ,High school graduate (high school diploma or equivalent including GED),Male,,39,A3PIAHR6PGXZNT,-45000,113209998,3000,0.45
2/25/19 12:34,2/25/19 12:39,IP Address,66.66.153.4,100,318,TRUE,2/25/19 12:39,R_3I497W2cSOiD4ge,,,,,43.2203064,-77.59940338,anonymous,EN,alpacas,Yes,Yes,Yes,Yes,Yes,No,No,No,No,No,No,No,Yes,Yes,Yes,Yes,No,Yes,No,No,No,No,No,No,Yes,Yes,Yes,No,Yes,No,Yes,No,No,No,No,No,Yes,Yes,Yes,Yes,Yes,Yes,Yes,No,No,No,No,No,2,3,4,"Stright up odds was first, confidence level swayed it a little bit",Bachelor's degree in college (4-year),Male,,41,A3IR7DFEKLLLO,-46000,182209670,2000,0.3
2/25/19 12:41,2/25/19 12:48,IP Address,67.79.72.66,100,454,TRUE,2/25/19 12:48,R_3oWK0IELKEKUeRO,,,,,32.96359253,-96.74680328,anonymous,EN,alpacas,Yes,Yes,No,Yes,Yes,No,No,No,No,No,No,No,Yes,Yes,Yes,Yes,No,No,No,No,No,No,No,No,Yes,Yes,Yes,Yes,Yes,Yes,No,No,No,No,No,No,Yes,Yes,Yes,Yes,Yes,Yes,Yes,No,Yes,No,No,No,2,5,6,"If there was an approximately 50% chance the temp would be below freezing, I'd allocate the blankets. Otherwise, I said no.  I made these decisions regardless of whether the forecast was rated low/med/high.",Bachelor's degree in college (4-year),Female,,41,A2389DERMNF3ZB,-46000,560209352,2000,0.3
2/25/19 12:30,2/25/19 12:49,IP Address,76.187.65.25,100,1166,TRUE,2/25/19 12:49,R_2YEA5IXrq3FD0KQ,,,,,33.13710022,-96.74880219,anonymous,EN,alpacas,Yes,Yes,Yes,Yes,No,No,No,No,No,No,No,No,Yes,Yes,Yes,Yes,No,No,No,No,No,No,No,No,Yes,Yes,Yes,Yes,Yes,Yes,No,No,No,No,No,No,Yes,Yes,Yes,Yes,Yes,Yes,Yes,Yes,No,No,No,No,2,4,6,mostly just added up the bubbles under 32 degrees and thought of each bubble as a 5% chance of the alpacas not making it. From there i tried to weigh in the confidence level. I figured a 0-20% percent risk was worth not giving blankets but also tried to take into account how accurate the weather forecast would be.,Some college but no degree,Male,,34,A2MCG5W6LHSRG9,-46000,367209833,2000,0.3
2/25/19 12:55,2/25/19 13:00,IP Address,73.198.13.141,100,320,TRUE,2/25/19 13:00,R_2cAZYpqsrujaCW5,,,,,39.37730408,-74.61229706,anonymous,EN,alpacas,Yes,Yes,Yes,Yes,Yes,No,No,No,No,No,No,No,Yes,Yes,Yes,Yes,Yes,No,No,No,No,No,No,No,Yes,Yes,Yes,Yes,Yes,No,No,Yes,No,No,No,No,Yes,Yes,Yes,Yes,Yes,Yes,Yes,Yes,Yes,Yes,Yes,Yes,2,4,6,I looked for scenarios when the temperature was closer to 32 degrees.,Bachelor's degree in college (4-year),Male,,28,A3UV55HC87DO9C,-46000,320209941,2000,0.3
2/25/19 12:48,2/25/19 12:57,IP Address,73.169.252.53,100,519,TRUE,2/25/19 12:57,R_24vITBStwD7Qvwv,,,,,46.99389648,-122.7429962,anonymous,EN,alpacas ,Yes,Yes,Yes,Yes,No,No,No,No,No,No,No,No,Yes,Yes,Yes,Yes,Yes,No,No,No,No,No,No,No,Yes,Yes,Yes,Yes,Yes,No,No,No,No,No,No,No,Yes,Yes,Yes,Yes,Yes,Yes,Yes,Yes,No,Yes,No,No,3,4,6,I erred on the side of caution. If I thought there was a better chance than not that the temp would drop below 32 I would send the blankets.,Bachelor's degree in college (4-year),Female,,59,A2PXJTMWGUE5DC,-47000,113209313,1000,0.15
2/25/19 13:13,2/25/19 13:24,IP Address,47.135.38.221,100,610,TRUE,2/25/19 13:24,R_2S05Tis5KdqRV3E,,,,,35.57589722,-81.17449951,anonymous,EN,alpacas,Yes,Yes,No,Yes,Yes,Yes,Yes,Yes,Yes,No,No,No,Yes,Yes,Yes,Yes,Yes,Yes,Yes,Yes,Yes,No,No,No,Yes,Yes,Yes,Yes,Yes,Yes,Yes,Yes,Yes,Yes,Yes,Yes,Yes,Yes,Yes,Yes,Yes,Yes,Yes,Yes,Yes,Yes,Yes,Yes,1 (not at all trustworthy),3,6,If there was a high probability I chose to side with that recommendation. Anything else like a low or medium I made an educated guess based on the stats.,Associate degree in college (2-year),Male,,31,A8BGHKGBA8O33,-47000,540209540,1000,0.15
2/25/19 13:19,2/25/19 13:22,IP Address,72.184.54.227,100,175,TRUE,2/25/19 13:22,R_2ATjd2oglKfzttH,,,,,28.14900208,-82.04109955,anonymous,EN,alpacas,Yes,Yes,Yes,Yes,Yes,Yes,Yes,Yes,Yes,Yes,Yes,Yes,Yes,Yes,Yes,Yes,Yes,Yes,Yes,Yes,Yes,Yes,Yes,Yes,Yes,Yes,Yes,Yes,Yes,Yes,Yes,Yes,Yes,Yes,Yes,Yes,Yes,Yes,Yes,Yes,Yes,Yes,Yes,Yes,Yes,Yes,Yes,Yes,2,4,5,Fun task ,Some college but no degree,Male,,36,A1LOD3LNX7FUPJ,-48000,649209918,0,0
2/25/19 12:29,2/25/19 12:34,IP Address,24.18.153.117,100,285,TRUE,2/25/19 12:34,R_1K72D5XlYG1twUO,,,,,47.32359314,-122.3186951,anonymous,EN,alpacas,Yes,Yes,Yes,Yes,No,No,No,No,No,No,No,No,Yes,Yes,Yes,Yes,No,No,No,No,No,No,No,No,Yes,Yes,Yes,Yes,Yes,Yes,No,No,No,No,No,No,Yes,Yes,Yes,Yes,Yes,No,No,No,No,No,No,No,3,3,3,How many chose 32 or less. Confidence level was ineffective.,Bachelor's degree in college (4-year),Male,,28,A2CK0OXMPOR9LE,-49000,170209864,-1000,-0.15
2/25/19 12:34,2/25/19 12:38,IP Address,181.50.202.235,100,276,TRUE,2/25/19 12:38,R_2dxTOyZCQsXRE6v,,,,,3.438400269,-76.52320099,anonymous,EN,alpacas,Yes,Yes,No,Yes,No,No,No,No,No,No,No,No,Yes,Yes,Yes,Yes,Yes,Yes,No,No,No,No,No,No,Yes,Yes,Yes,No,Yes,No,No,No,No,No,No,No,Yes,Yes,Yes,Yes,Yes,Yes,No,No,No,No,No,No,1 (not at all trustworthy),4,7 (completely trustworthy),Odds of temperature dropping below 32 and level of confidence,Some college but no degree,Male,,33,A2KVYRNL2CK95F,-49000,581209928,-1000,-0.15
2/25/19 13:08,2/25/19 13:14,IP Address,73.184.74.53,100,397,TRUE,2/25/19 13:14,R_3JJCIPR0Pnmb4ic,,,,,33.87800598,-83.89230347,anonymous,EN,alpacas,Yes,Yes,Yes,Yes,No,No,No,No,No,No,No,No,Yes,Yes,Yes,Yes,Yes,No,No,No,No,No,No,No,Yes,Yes,Yes,Yes,Yes,No,No,No,No,No,No,No,Yes,Yes,Yes,Yes,No,Yes,No,No,No,No,No,No,4,4,4,just really based it on percentage chance and took a risk,Associate degree in college (2-year),Female,,46,A3U761PEG7MFKT,-49000,746209464,-1000,-0.15
2/25/19 14:14,2/25/19 14:24,IP Address,73.140.16.237,100,600,TRUE,2/25/19 14:24,R_3rZHCx6z5ZzqDVQ,,,,,47.90170288,-122.2472,anonymous,EN,alpacas,Yes,Yes,Yes,Yes,Yes,No,No,No,No,No,No,No,Yes,Yes,Yes,Yes,Yes,No,No,No,No,No,No,No,Yes,Yes,Yes,Yes,No,Yes,No,No,No,No,No,No,Yes,Yes,No,Yes,No,Yes,No,No,No,No,No,No,3,4,6,I considered how likely the temperature would be below 32 for each scenario and  if it seemed likely by the data I would say the alpacas should have blankets. I also thought this if the data had a high or medium likelihood of being accurate. If it had a lower likelihood of being accurate I just went with what I thought seemed right. ,Some college but no degree,Female,,46,AQAXDL1INQC9Q,-49000,940209877,-1000,-0.15
2/25/19 12:31,2/25/19 12:37,IP Address,47.196.108.221,100,355,TRUE,2/25/19 12:37,R_2wnU1ed9V4pM0ZW,,,,,27.90319824,-82.29109955,anonymous,EN,alpacas,Yes,Yes,Yes,Yes,Yes,Yes,No,Yes,No,No,No,No,Yes,Yes,Yes,Yes,No,No,No,No,No,No,No,No,Yes,Yes,Yes,No,No,Yes,No,No,No,No,No,No,Yes,Yes,No,Yes,Yes,Yes,No,No,No,No,No,No,2,4,4,I feel like the predictions didn't help much especially when they said low. Because then it just means nothing I'm looking at really has any meaning. So I mostly just stuck to looking at the balls on the line for an approximation,High school graduate (high school diploma or equivalent including GED),Male,,31,A2IUT0610X9CV0,-50000,584209174,-2000,-0.3
2/25/19 12:51,2/25/19 13:18,IP Address,100.7.42.168,100,1596,TRUE,2/25/19 13:18,R_1odVQlfmQq4oaqM,,,,,37.48150635,-77.64189911,anonymous,EN,alpacas,Yes,Yes,Yes,Yes,No,No,No,No,No,No,No,No,Yes,Yes,Yes,Yes,Yes,No,No,No,No,No,No,No,Yes,Yes,Yes,Yes,Yes,No,Yes,No,No,No,No,No,Yes,Yes,Yes,Yes,Yes,Yes,Yes,Yes,Yes,Yes,Yes,No,4,5,5,I just went with my instinct and based on the highest probability. I chose conservatively when the confidence was low.,Some college but no degree,Male,,52,A3N7R7P9HP2YB6,-50000,462209651,-2000,-0.3
2/25/19 13:48,2/25/19 13:56,IP Address,96.230.181.100,100,439,TRUE,2/25/19 13:56,R_1jSMWKPnJyn1VGS,,,,,41.98460388,-71.51940155,anonymous,EN,alpacas,Yes,Yes,Yes,Yes,No,No,No,No,No,No,No,No,Yes,Yes,Yes,Yes,No,No,No,No,No,No,No,No,Yes,Yes,Yes,Yes,Yes,No,No,No,No,No,No,No,Yes,Yes,Yes,Yes,Yes,Yes,Yes,No,No,No,No,No,2,4,6,"If the prediction has a more than 35% chance of freezing, I'll choose yes",Master's degree,Female,,29,A3GJWXA13GMS9H,-50000,196209781,-2000,-0.3
2/25/19 12:34,2/25/19 12:40,IP Address,174.101.212.155,100,355,TRUE,2/25/19 12:40,R_2fAGgXIm0U0zyGL,,,,,39.92419434,-83.80879974,anonymous,EN,alpacas,Yes,Yes,Yes,No,No,No,No,No,No,No,No,No,Yes,Yes,Yes,Yes,Yes,No,Yes,No,No,No,No,No,Yes,Yes,Yes,Yes,Yes,Yes,No,No,No,No,No,No,Yes,Yes,Yes,Yes,Yes,No,Yes,No,No,No,No,No,3,4,6,If the forecast made it seem likely the temperature would drop below 32f I sent the blankets,High school graduate (high school diploma or equivalent including GED),Male,,36,A3L60SOWLYEDN2,-51000,727209348,-3000,-0.45
2/25/19 12:32,2/25/19 12:35,IP Address,24.6.175.172,100,215,TRUE,2/25/19 12:35,R_1oAYd7wee1VB1qU,,,,,37.33039856,-121.7913055,anonymous,EN,alpacas,Yes,Yes,Yes,Yes,No,No,No,No,No,No,No,No,Yes,Yes,Yes,Yes,No,Yes,No,No,No,Yes,Yes,No,Yes,Yes,Yes,Yes,No,No,No,No,No,Yes,No,No,Yes,Yes,Yes,Yes,Yes,Yes,No,No,No,Yes,No,No,2,5,6,"range, confidence",Bachelor's degree in college (4-year),Male,,35,A1YSYI926BBOHW,-53000,438209324,-5000,-0.75
2/25/19 12:31,2/25/19 12:43,IP Address,66.67.15.186,100,746,TRUE,2/25/19 12:43,R_1kM76jR8YjDL7Ro,,,,,42.86369324,-76.99130249,anonymous,EN,alpacas,Yes,Yes,Yes,No,No,No,No,No,No,No,No,No,Yes,Yes,Yes,Yes,No,No,No,No,No,No,No,No,Yes,Yes,Yes,Yes,Yes,No,No,No,No,No,No,No,Yes,Yes,Yes,Yes,Yes,Yes,No,No,No,No,No,No,2,4,7 (completely trustworthy),"I sometimes counted the circles, at other times I relied heavily on forecast confidence predictions.",Bachelor's degree in college (4-year),Male,,63,A10YS8AVLQWUZZ,-54000,441209562,-6000,-0.9
2/25/19 13:26,2/25/19 13:30,IP Address,24.171.75.95,100,238,TRUE,2/25/19 13:30,R_3G8tq03tWDHoX35,,,,,38.31700134,-88.91049957,anonymous,EN,alpacas,Yes,Yes,Yes,Yes,Yes,No,No,No,No,No,No,No,Yes,No,Yes,Yes,Yes,No,No,No,No,No,No,No,Yes,Yes,Yes,Yes,No,No,No,No,No,No,No,No,Yes,Yes,Yes,Yes,Yes,Yes,Yes,Yes,No,Yes,Yes,Yes,1 (not at all trustworthy),4,6,"no matter the temp, if it was low i gave blankets.  if it was high and wasn't going below freezing much, i said no",Master's degree,Female,,33,A2DNLHS1RSTF5R,-54000,898209700,-6000,-0.9
2/25/19 13:00,2/25/19 13:07,IP Address,64.121.85.105,100,401,TRUE,2/25/19 13:07,R_2bOikoVgTR11HwT,,,,,40.52929688,-75.50099945,anonymous,EN,alpacas,Yes,Yes,Yes,Yes,Yes,No,No,No,No,No,No,No,Yes,Yes,Yes,Yes,No,No,No,No,No,No,No,No,Yes,Yes,Yes,Yes,No,No,No,Yes,No,No,No,No,Yes,Yes,Yes,Yes,Yes,No,No,No,No,No,No,No,3,5,6,"When it was quite likely (usually 4 dots or more) that the temperature would fall below 32, then I would choose to have blankets issued.",Bachelor's degree in college (4-year),Male,,38,A183WYXN12P2TJ,-55000,299209377,-7000,-1.05
2/25/19 12:31,2/25/19 12:39,IP Address,68.119.43.1,100,503,TRUE,2/25/19 12:39,R_2QRGYp9uRUMa2ys,,,,,35.75759888,-81.3289032,anonymous,EN,alpacas,Yes,Yes,Yes,No,Yes,No,No,No,No,No,No,No,Yes,Yes,Yes,Yes,No,No,No,No,No,No,No,No,Yes,Yes,Yes,Yes,Yes,No,No,No,No,No,No,No,Yes,Yes,Yes,Yes,No,No,No,No,No,No,No,No,4,5,6,just depended o how many dots were under the 32 mark,Associate degree in college (2-year),Female,,41,A3FOKP72T5I4R,-59000,316209766,-11000,-1.65
2/25/19 12:33,2/25/19 12:41,IP Address,72.249.239.118,100,503,TRUE,2/25/19 12:41,R_2Sfrq752CMho6mR,,,,,38.11039734,-108.2845001,anonymous,EN,alpacas,Yes,Yes,Yes,Yes,No,No,No,No,No,No,No,No,Yes,Yes,Yes,Yes,No,No,No,No,No,No,No,No,Yes,Yes,Yes,No,No,No,No,No,No,No,No,No,Yes,Yes,Yes,Yes,Yes,Yes,No,No,No,No,No,No,4,5,6,I just figured how likely it was to be below 32 degrees. ,Bachelor's degree in college (4-year),Female,,36,AQXRHIMQ7UK7O,-59000,713209865,-11000,-1.65
2/25/19 12:59,2/25/19 13:05,IP Address,67.245.212.31,100,383,TRUE,2/25/19 13:05,R_1DZoEMlwPgckdpK,,,,,41.58770752,-74.50389862,anonymous,EN,alpacas,Yes,Yes,Yes,No,No,No,No,No,No,No,No,No,Yes,Yes,Yes,Yes,Yes,No,No,No,No,No,No,No,Yes,Yes,Yes,No,No,Yes,No,No,No,No,No,No,Yes,Yes,Yes,Yes,No,Yes,No,No,No,No,No,No,4,6,7 (completely trustworthy),I considered the confidence of prediction and went with my gut instinct  ,High school graduate (high school diploma or equivalent including GED),Male,,41,A147F5PJTHOB8A,-59000,620209527,-11000,-1.65
2/25/19 13:07,2/25/19 13:14,IP Address,72.24.233.212,100,469,TRUE,2/25/19 13:14,R_2zuOtrRIGv2KqKp,,,,,34.60189819,-112.3264008,anonymous,EN,alpacas ,Yes,Yes,Yes,No,No,No,No,No,No,No,No,No,Yes,Yes,Yes,No,No,No,No,No,No,No,No,No,Yes,Yes,Yes,Yes,Yes,No,No,No,No,No,No,No,Yes,Yes,Yes,Yes,Yes,Yes,No,No,No,No,No,No,3,5,7 (completely trustworthy),I thought about the penalty if I didn't issue blankets when needed. I thought it might be best to be safe when the confidence in the temperature prediction wasn't high. I wanted to maximize payment.,Bachelor's degree in college (4-year),Male,,28,AETIZKQNUSBLB,-59000,897209863,-11000,-1.65
2/25/19 12:42,2/25/19 12:50,IP Address,71.237.59.12,100,510,TRUE,2/25/19 12:50,R_1mVhImcn7TedftB,,,,,39.96359253,-104.9072037,anonymous,EN,alpacas,Yes,Yes,Yes,Yes,No,No,No,No,No,No,No,No,Yes,Yes,Yes,Yes,No,No,No,No,No,No,No,No,Yes,Yes,Yes,Yes,Yes,No,Yes,No,No,No,No,No,Yes,Yes,Yes,Yes,No,No,No,No,No,No,No,No,2,4,6,"I made my decisions based on the % chance that the temperature would be 32 degrees or lower. Generally, if the chance was 50% or higher, I issued blankets. I didn't put much stock into the stated confidence since I didn't have any info as to what degree of error we were looking at.",Bachelor's degree in college (4-year),Male,,57,A6JKKANO7F4KD,-60000,784209412,-12000,-1.8
2/25/19 12:31,2/25/19 12:36,IP Address,173.244.44.77,100,320,TRUE,2/25/19 12:36,R_Xqbu3AmNsMQ7nmF,,,,,47.60920715,-122.3314056,anonymous,EN,alpacas,Yes,Yes,Yes,Yes,Yes,No,No,Yes,No,Yes,No,No,Yes,Yes,Yes,Yes,Yes,No,No,No,No,No,No,No,Yes,Yes,Yes,Yes,Yes,No,No,No,No,No,No,No,Yes,No,No,No,Yes,Yes,Yes,Yes,Yes,No,Yes,Yes,1 (not at all trustworthy),5,7 (completely trustworthy),if the forecast confidence was low i assumed it might be in the lower region even if forecast as high,Associate degree in college (2-year),Female,,34,A38DC3BG1ZCVZ2,-61000,401209360,-13000,-1.95
2/25/19 14:06,2/25/19 14:11,IP Address,104.33.146.30,100,323,TRUE,2/25/19 14:11,R_1Lke3iM2epcLrRb,,,,,33.82409668,-117.5197983,anonymous,EN,alpacas,Yes,Yes,Yes,Yes,No,No,No,No,Yes,No,No,No,Yes,Yes,Yes,Yes,No,No,No,No,No,No,No,No,Yes,Yes,Yes,Yes,No,No,No,No,No,No,No,No,Yes,Yes,No,Yes,Yes,Yes,No,No,Yes,No,No,No,4,5,7 (completely trustworthy),tried not to take more than 2/20 chance for a forecast,Associate degree in college (2-year),Male,,34,A3PYEW6693PCHT,-61000,486209707,-13000,-1.95
2/25/19 13:03,2/25/19 13:14,IP Address,68.42.119.188,100,651,TRUE,2/25/19 13:14,R_3J4QH63L9HNcIbf,,,,,42.24389648,-83.58300018,anonymous,EN,alpacas,Yes,Yes,Yes,Yes,No,No,No,No,No,No,No,No,Yes,Yes,Yes,Yes,Yes,No,No,No,No,No,Yes,No,Yes,Yes,Yes,Yes,No,No,No,No,No,No,No,No,Yes,Yes,Yes,No,No,Yes,Yes,Yes,No,No,No,No,2,4,6,The chance of dropping below 32 and the confidence level,Bachelor's degree in college (4-year),Female,,31,A36SM7QM8OK3H6,-62000,747209153,-14000,-2.1
2/25/19 12:33,2/25/19 12:42,IP Address,68.48.84.198,100,519,TRUE,2/25/19 12:42,R_4NGkum4pYfOjQid,,,,,42.92849731,-83.6332016,anonymous,EN,alpacas,Yes,Yes,Yes,Yes,No,Yes,No,No,No,No,No,No,Yes,Yes,No,No,No,No,No,No,No,No,No,No,Yes,Yes,Yes,Yes,No,No,Yes,No,No,No,No,No,Yes,Yes,Yes,Yes,Yes,Yes,Yes,Yes,Yes,No,No,Yes,4,4,4,"I didn't want to lose 6,000.",High school graduate (high school diploma or equivalent including GED),Female,,34,AEX9MA72M10DC,-64000,261209996,-16000,-2.4
2/25/19 12:47,2/25/19 12:56,IP Address,166.67.66.242,100,527,TRUE,2/25/19 12:56,R_DGpPFWzhzdHTLNL,,,,,37.54629517,-77.43779755,anonymous,EN,alpacas,Yes,Yes,Yes,Yes,No,Yes,No,No,No,No,No,No,Yes,Yes,Yes,No,No,No,No,No,No,No,No,No,Yes,Yes,Yes,Yes,No,No,No,No,No,No,No,No,Yes,Yes,Yes,Yes,No,No,No,No,No,No,No,No,4,5,6,I basically looked at the forecast dots and if there was more than 5 at 32 or below I would give them blankets,Bachelor's degree in college (4-year),Female,,52,A2WHC086WNUQNB,-64000,430209518,-16000,-2.4
2/25/19 13:44,2/25/19 13:49,IP Address,173.17.142.90,100,333,TRUE,2/25/19 13:49,R_2D7Sxi2T3SAX6FE,,,,,30.61799622,-87.7562027,anonymous,EN,alpacas,Yes,Yes,No,No,No,No,No,No,No,No,No,No,Yes,Yes,Yes,Yes,No,No,No,No,No,No,No,No,Yes,Yes,Yes,Yes,Yes,No,No,No,No,No,No,No,Yes,Yes,Yes,Yes,Yes,No,No,No,No,No,No,No,4,5,6,I wanted to try to be as accurate as possible to avoid wasting money,Some college but no degree,Female,,30,A3JI91CQIA5FWO,-64000,408209167,-16000,-2.4
2/25/19 12:52,2/25/19 12:56,IP Address,74.243.143.248,100,254,TRUE,2/25/19 12:56,R_3psDreaNTZ2veDf,,,,,36.34320068,-79.66419983,anonymous,EN,alpacas,Yes,Yes,Yes,No,No,No,No,No,No,No,No,No,Yes,Yes,Yes,Yes,No,No,No,No,No,No,No,No,Yes,Yes,Yes,Yes,No,No,No,No,No,No,No,No,Yes,Yes,Yes,Yes,No,No,No,No,No,No,No,No,2,4,6,how big the chance was the temp would be below 32deg,Associate degree in college (2-year),Male,,55,A38DXFI1TZA295,-69000,312209511,-21000,-3.15
2/25/19 12:33,2/25/19 12:43,IP Address,155.186.190.222,100,610,TRUE,2/25/19 12:43,R_3m8KotgHbKeRBeb,,,,,34.02130127,-84.31040192,anonymous,EN,alpacas,Yes,Yes,No,Yes,Yes,No,No,No,No,No,No,No,Yes,Yes,Yes,No,No,No,No,No,No,No,No,No,Yes,Yes,Yes,Yes,No,No,No,No,No,No,No,No,Yes,Yes,Yes,No,No,No,No,No,No,No,No,No,3,4,5,"I considered the prediction and went with the majority of the  temperature prediction.  On the second task, I really ignored the strength, and followed the same procedure I used for the first.",Associate degree in college (2-year),Female,,58,A1BAEFJ2OG7NJ0,-74000,696209221,-26000,-3.9
2/25/19 12:46,2/25/19 12:58,IP Address,208.93.255.170,100,734,TRUE,2/25/19 12:58,R_vDj5aSyugBdwG2d,,,,,42.1867981,-71.20330048,anonymous,EN,alpacas,Yes,Yes,Yes,Yes,No,No,No,No,No,No,No,No,Yes,Yes,No,No,No,No,No,No,No,No,No,No,Yes,Yes,No,Yes,No,No,No,No,No,No,No,No,Yes,Yes,Yes,Yes,Yes,Yes,Yes,Yes,Yes,No,Yes,Yes,1 (not at all trustworthy),4,7 (completely trustworthy),"I made my decisions based on three factors. One, I chose whether or not to issue blankets based on the percentage chance that the temperature would fall below freezing. Two, I chose based on the confidence the forecasters had in the forecast. Three, I chose based on how much money I thought I had remaining and whether or not I could risk not issuing blankets.",High school graduate (high school diploma or equivalent including GED),Female,,57,A2W3A42TRMJ861,-74000,466209846,-26000,-3.9
2/25/19 12:58,2/25/19 13:08,IP Address,108.70.32.22,100,600,TRUE,2/25/19 13:08,R_300IggBqRDJVUWc,,,,,35.13609314,-84.84570313,anonymous,EN,alpacas,Yes,Yes,Yes,No,No,No,No,No,No,No,No,No,Yes,Yes,Yes,Yes,No,No,No,No,No,No,No,No,Yes,Yes,Yes,No,No,No,No,No,No,No,No,No,Yes,Yes,Yes,Yes,No,No,No,No,No,No,No,No,4,5,6,"Making my best guess mathematically, with a little bit of risk taking",Bachelor's degree in college (4-year),Male,,35,A5OBJUPZLVOKG,-74000,188209513,-26000,-3.9
2/25/19 13:43,2/25/19 13:50,IP Address,45.59.5.26,100,399,TRUE,2/25/19 13:50,R_1IbG6njNf0TvJFU,,,,,41.55090332,-90.49420166,anonymous,EN,alpacas,Yes,Yes,No,No,No,No,No,No,No,No,No,No,Yes,Yes,Yes,Yes,No,No,No,No,No,No,No,No,Yes,Yes,Yes,Yes,No,No,No,No,No,No,No,No,Yes,Yes,Yes,Yes,No,No,No,No,No,No,No,No,2,4,6,I made my judgement based of the chances that the temperature would drop below 32 degrees.,Bachelor's degree in college (4-year),Male,,33,A1FGN2JF4LCF9B,-74000,114209262,-26000,-3.9
2/25/19 12:32,2/25/19 12:42,IP Address,98.216.85.147,100,544,TRUE,2/25/19 12:42,R_2VQNHHr9s0VPOQt,,,,,42.25390625,-71.45829773,anonymous,EN,alpacas,Yes,Yes,Yes,No,No,No,No,No,No,No,No,No,Yes,Yes,Yes,No,No,No,No,No,No,No,No,No,Yes,Yes,Yes,No,No,No,No,No,No,No,No,No,Yes,Yes,Yes,Yes,No,No,No,No,No,No,No,No,2,4,6,"I depended mainly on the range of temperatures and the percentage that fell below 33 degrees, I only used the confidence meter if the range was close to 50/50",Bachelor's degree in college (4-year),Female,,49,A3HTLXAPOBCVVO,-79000,877209821,-31000,-4.65
2/25/19 12:31,2/25/19 12:43,IP Address,104.187.45.183,100,741,TRUE,2/25/19 12:43,R_3nw0bZgByisZThF,,,,,39.7696991,-89.68859863,anonymous,EN,alpacas,Yes,Yes,No,No,No,No,No,No,No,No,No,No,Yes,Yes,Yes,No,No,No,No,No,No,No,No,No,Yes,Yes,Yes,No,No,No,No,No,No,No,No,No,Yes,Yes,Yes,Yes,Yes,No,No,No,No,No,No,No,4,5,7 (completely trustworthy),I considered how many chances were the highest that would make it above 32.  I most paid attention to the ones with 4 dots since that would be the highest chance.  I didn't take too much stock in the confidence levels in the second part. ,Associate degree in college (2-year),Female,,39,AQJWO4YPR3LUQ,-79000,946209669,-31000,-4.65
2/25/19 12:35,2/25/19 12:46,IP Address,223.181.225.187,100,635,TRUE,2/25/19 12:46,R_20tDn82dIqOBU1b,,,,,10.99099731,76.96670532,anonymous,EN,alpacas,Yes,Yes,No,Yes,Yes,Yes,Yes,Yes,Yes,No,No,No,Yes,Yes,Yes,No,Yes,Yes,Yes,Yes,Yes,Yes,Yes,No,No,No,Yes,No,Yes,Yes,Yes,Yes,Yes,Yes,Yes,No,Yes,No,No,No,Yes,Yes,Yes,Yes,No,No,No,No,5,4,3,I just think and decide the option,Bachelor's degree in college (4-year),Female,,32,A2RR3R75ECQSKE,-79000,884209938,-31000,-4.65
2/25/19 13:26,2/25/19 13:31,IP Address,76.2.241.18,100,288,TRUE,2/25/19 13:31,R_1Qgh6f1TdDnER7c,,,,,40.53840637,-82.80619812,anonymous,EN,alpacas,Yes,Yes,No,No,No,No,No,No,No,No,No,No,Yes,Yes,Yes,Yes,No,No,No,No,No,No,No,No,Yes,Yes,Yes,Yes,No,No,No,No,No,No,No,No,Yes,Yes,Yes,No,No,No,No,No,No,No,No,No,2,4,7 (completely trustworthy),"I looked at the likelihood of each temperature and figured the odds that it would dip below freezing. The confidence level of the forecast was taken into consideration, too.",Master's degree,Female,,29,A2YAYHZYI7M3HD,-79000,784209712,-31000,-4.65
2/25/19 12:38,2/25/19 13:09,IP Address,103.110.238.140,100,1821,TRUE,2/25/19 13:09,R_1nW99qWwBRUrDT9,,,,,11.3500061,77.73330688,anonymous,EN,alpacas,Yes,Yes,Yes,No,No,Yes,No,Yes,No,No,Yes,No,No,No,No,No,Yes,No,No,Yes,Yes,Yes,Yes,No,No,Yes,Yes,Yes,Yes,Yes,Yes,No,Yes,No,No,No,Yes,Yes,Yes,Yes,No,No,No,No,No,No,No,No,4,7 (completely trustworthy),5,I don't have any specific ideas or specific planning. I can understand the instruction and I did well. That's all. ,Bachelor's degree in college (4-year),Male,,33,ASWZO1WY1UHEP,-82000,887209607,-34000,-5.1
2/25/19 13:38,2/25/19 13:46,IP Address,72.28.171.16,100,502,TRUE,2/25/19 13:46,R_3HtXuW7WAye2SkN,,,,,33.50590515,-81.69509888,anonymous,EN,alpacas,Yes,Yes,Yes,Yes,No,No,No,No,No,No,No,No,Yes,Yes,Yes,No,No,No,No,No,No,No,No,No,Yes,Yes,No,No,No,No,No,No,No,No,No,No,Yes,No,Yes,No,Yes,No,No,No,Yes,No,No,No,4,5,7 (completely trustworthy),"If most of the dots were clustered higher than 32, I didn't give blankets",Bachelor's degree in college (4-year),Female,,29,ALLP45O3BDWYM,-85000,671209247,-37000,-5.55
2/25/19 13:40,2/25/19 13:47,IP Address,68.35.50.136,100,427,TRUE,2/25/19 13:47,R_3iqYfm5z7eodmyI,,,,,34.88250732,-87.7397995,anonymous,EN,alpacas,Yes,Yes,No,No,No,No,No,No,No,No,No,No,Yes,Yes,Yes,No,No,No,No,No,No,No,No,No,Yes,Yes,No,Yes,No,No,No,No,No,No,No,No,Yes,Yes,Yes,No,No,No,No,No,No,No,No,No,3,4,6,"I didn't really base my decision on the confidence of the forecast, since I don't have anything else to go on.",Associate degree in college (2-year),Male,,37,A1U5BE8XJRXKW3,-89000,590209140,-41000,-6.15
2/25/19 14:06,2/25/19 14:10,IP Address,76.125.244.14,100,247,TRUE,2/25/19 14:10,R_1jAOdz0nHSF5Ka1,,,,,40.3052063,-79.54180145,anonymous,EN,alpaca,Yes,Yes,Yes,No,No,No,No,No,No,No,No,No,Yes,Yes,Yes,Yes,No,No,No,No,Yes,No,No,No,Yes,Yes,Yes,No,No,No,No,No,No,No,No,No,No,Yes,No,No,No,No,No,No,No,No,No,No,1 (not at all trustworthy),4,6,I combined how cold it was going to be with the confidence ratings to come to a good conclusion,Bachelor's degree in college (4-year),Male,,33,A3I1W58P6SIV26,-90000,334209771,-42000,-6.3
2/25/19 12:31,2/25/19 12:41,IP Address,75.85.176.151,100,641,TRUE,2/25/19 12:41,R_1GTVKwDI40mKrZ4,,,,,33.11650085,-117.1846008,anonymous,EN,alpacas,Yes,Yes,No,No,No,No,No,No,No,No,No,No,Yes,Yes,No,No,No,No,No,No,No,No,No,No,Yes,Yes,No,No,No,No,No,No,No,No,No,No,Yes,Yes,No,Yes,Yes,No,No,No,No,No,No,No,1 (not at all trustworthy),4,7 (completely trustworthy),"The forecast was ultimately the factor I considered most, even when the forecaster was not confident. When the odds seemed close to 50/50 or more that the weather would be below 32 degrees, I chose to issue the blankets.",Bachelor's degree in college (4-year),Male,,42,A20CZCJPRP54G9,-94000,624209400,-46000,-6.9
2/25/19 12:30,2/25/19 12:34,IP Address,38.140.255.246,100,194,TRUE,2/25/19 12:34,R_12JSjQptJYwdc6K,,,,,40.73590088,-73.99040222,anonymous,EN,alpacas,Yes,Yes,No,No,No,No,No,No,No,No,No,No,Yes,Yes,No,No,No,No,No,No,No,No,No,No,Yes,Yes,Yes,No,No,No,No,No,No,No,No,No,Yes,Yes,No,No,No,No,No,No,No,No,No,No,2,4,6,I tried to think of expected value,Bachelor's degree in college (4-year),Male,,31,A1CSDIX05PK9V,-99000,897209344,-51000,-7.65
2/25/19 12:32,2/25/19 12:35,IP Address,66.41.56.183,100,211,TRUE,2/25/19 12:35,R_3g5jMYlg1dTxgqL,,,,,45.0644989,-93.34130096,anonymous,EN,alpacas,Yes,No,No,No,No,No,No,No,No,No,No,No,Yes,Yes,Yes,No,No,No,No,No,No,No,No,No,Yes,Yes,Yes,No,No,No,No,No,No,No,No,No,Yes,Yes,No,No,No,No,No,No,No,No,No,No,3,5,6,the likelihood of it being 32 or below,Some college but no degree,Female,,33,A1CA46R2A6TV9W,-99000,809209670,-51000,-7.65